<?xml version="1.0" encoding="UTF-8" standalone="yes"?>
<manifest>
  <control namespace="ChrisMayor" constructor="D365RichtextEditor" version="1.0.1" display-name-key="D365RichtextEditor" description-key="D365RichtextEditor" control-type="standard" api-version="1.2.1">
    <property name="text" display-name-key="richtext" description-key="richtext" of-type="Multiple" usage="bound" required="true"/>
    <resources>
      <code path="bundle.js" order="1"/>
      <css path="quill.snow.css" order="1"/>
    </resources>
    <built-by name="pac" version="1.0.6"/>
  </control>
</manifest>